figure,series,run_id,step,metric,value
Figure 1,GELU baseline,baseline-s17,100,loss,5.93126726150513
Figure 1,GELU baseline,baseline-s17,200,loss,5.24119186401367
Figure 1,GELU baseline,baseline-s17,300,loss,4.93933248519897
Figure 1,GELU baseline,baseline-s17,400,loss,4.67894601821899
Figure 1,GELU baseline,baseline-s17,500,loss,4.6656289100647
Figure 1,GELU baseline,baseline-s17,600,loss,4.5275182723999
Figure 1,GELU baseline,baseline-s17,700,loss,4.4383544921875
Figure 1,GELU baseline,baseline-s17,800,loss,4.45852661132812
Figure 1,GELU baseline,baseline-s17,900,loss,4.38001585006714
Figure 1,GELU baseline,baseline-s17,1000,loss,4.35355806350708
Figure 1,GELU baseline,baseline-s17,1100,loss,4.31509971618652
Figure 1,GELU baseline,baseline-s17,1200,loss,4.31690549850464
Figure 1,Parameter-matched SwiGLU,swiglu128-fair-s17,100,loss,6.0402307510376
Figure 1,Parameter-matched SwiGLU,swiglu128-fair-s17,200,loss,5.23806142807007
Figure 1,Parameter-matched SwiGLU,swiglu128-fair-s17,300,loss,4.8705096244812
Figure 1,Parameter-matched SwiGLU,swiglu128-fair-s17,400,loss,4.59158945083618
Figure 1,Parameter-matched SwiGLU,swiglu128-fair-s17,500,loss,4.57221603393555
Figure 1,Parameter-matched SwiGLU,swiglu128-fair-s17,600,loss,4.42758846282959
Figure 1,Parameter-matched SwiGLU,swiglu128-fair-s17,700,loss,4.30598926544189
Figure 1,Parameter-matched SwiGLU,swiglu128-fair-s17,800,loss,4.31816577911377
Figure 1,Parameter-matched SwiGLU,swiglu128-fair-s17,900,loss,4.21950578689575
Figure 1,Parameter-matched SwiGLU,swiglu128-fair-s17,1000,loss,4.20760345458984
Figure 1,Parameter-matched SwiGLU,swiglu128-fair-s17,1100,loss,4.1479434967041
Figure 1,Parameter-matched SwiGLU,swiglu128-fair-s17,1200,loss,4.14932441711426
Figure 2,Dropout 0.0,swiglu256x6-final7200-s17,1200,bpb,1.79755238948892
Figure 2,Dropout 0.0,swiglu256x6-final7200-s17,2400,bpb,1.68768655167508
Figure 2,Dropout 0.0,swiglu256x6-final7200-s17,3600,bpb,1.66466006047683
Figure 2,Dropout 0.0,swiglu256x6-final7200-s17,4800,bpb,1.67153053682364
Figure 2,Dropout 0.0,swiglu256x6-final7200-s17,6000,bpb,1.68564171637316
Figure 2,Dropout 0.0,swiglu256x6-final7200-s17,7200,bpb,1.70622956945501
Figure 2,Dropout 0.1,swiglu256x6-dropout10-final7200-s17,1200,bpb,1.86628493736092
Figure 2,Dropout 0.1,swiglu256x6-dropout10-final7200-s17,2400,bpb,1.72174773897137
Figure 2,Dropout 0.1,swiglu256x6-dropout10-final7200-s17,3600,bpb,1.65803553044244
Figure 2,Dropout 0.1,swiglu256x6-dropout10-final7200-s17,4800,bpb,1.62225663908714
Figure 2,Dropout 0.1,swiglu256x6-dropout10-final7200-s17,6000,bpb,1.60135697885299
Figure 2,Dropout 0.1,swiglu256x6-dropout10-final7200-s17,7200,bpb,1.59271942118786
